{
  "meditatii": [
    {
      "id": 1,
      "nume": "Adrian",
      "materie": "Matematica",
      "pret": "80RON",
      "descriere": " Mă numesc Alexandru Stefan, sunt student in anul 3 la Universitatea Politehnica din București si ofer de mai bine de 3 ani, pregătire particulară la matematica elevilor de gimnaziu.Ceea ce mă recomanda si ceea ce pot garanta, pe lângă cunoștințele concrete in materia predata este experiența in a forma o buna relație atât cu părinții, pentru a prioritiza transparenta si cooperarea, cat si cu elevii pentru a crea un mediu prietenos si motivant pentru învățare.Meditatiile se vor desfasura in semigrupe de 2-3 elevi de acelasi nivel.",
      "detalii": "Meditatiile se vor desfasura la domiciliul elevului, iar durata sedintei este de 2 ore!",
      "sponsorizat": true,
      "img": "assets/teachers/math1.jpg",
      "key": "matematica"
    },
    {
      "id": 2,
      "nume": "Toma",
      "materie": "Matematica",
      "pret": "85RON",
      "descriere": " Meditez intensiv la matematica pentru Bacalaureat si Evaluare Nationala ,orice nivel ,pentru promovarea cu succes a acestora!! Recuperare rapida si eficienta a materiei pentru trecerea cu succes a tezelor, corigentelor si a altor tipuri de examene!Rezultate excelente dupa o experienta de peste 25 de ani in domeniu. Se urmareste insusirea de catre elev a tuturor cunostintelor necesare trecerii cu succes a oricarei probe la matematica!Urmarim de asemenea familiarizarea elevului cu examenele si evaluarea permanenta a cunostintelor prin teste periodice date constant!",
      "detalii": "Meditatiile se vor desfasura la domiciliul elevului, iar durata sedintei este de 2 ore!",
      "sponsorizat": false,
      "img": "assets/teachers/math2.jpg",
      "key": "matematica"
    },
    {
      "id": 3,
      "nume": "Andreea",
      "materie": "Matematica",
      "pret": "70RON",
      "descriere": " Pregatesc studenti pentru trecerea examenelor sau a restantelor :ASE, Politehnica, Titu Maiorescu,Spiru Haret,Cantemir si alte facultati din tara.",
      "detalii": "Meditatiile se vor desfasura la domiciliul elevului sau online, iar o sedinta este de 3 ore!",
      "sponsorizat": false,
      "img": "assets/teachers/math3.jpg",
      "key": "matematica"
    },
    {
      "id": 4,
      "nume": "Cristina",
      "materie": "Matematica",
      "pret": "90RON",
      "descriere": " Sunt studenta in anul II la facultatea de Automatica si Calculatoare, Universitatea Politehnica Bucuresti. Ofer meditatii pentru clasa si pentru examenul de Bacalaureat la matematica, indiferent de profil. ",
      "detalii": "Meditatiile se desfasoara fie in sistem online, fie fata in fata, la mine acasa.",
      "sponsorizat": false,
      "img": "assets/teachers/math4.jpg",
      "key": "matematica"
    },
    {
      "id": 5,
      "nume": "Alin",
      "materie": "Matematica",
      "pret": "85RON",
      "descriere": " Profesor cu peste 30 de ani experienta, ofer meditatii la matematica pentru Teste Nationale, Bacalaureat si Admitere facultate ",
      "detalii": "Meditatiile se desfasoara online sau la domiciliul meditatorului",
      "sponsorizat": false,
      "img": "assets/teachers/math5.jpg",
      "key": "matematica"
    },
    {
      "id": 6,
      "nume": "Ioana",
      "materie": "Matematica",
      "pret": "85RON",
      "descriere": " Invata usor si cu placere matematica! Cu multa rabdare si intelegere, voi ajuta copilul dumneavoastra sa inteleaga, sa indrageasca matematica din scoala primara si generala (clasele I - VIII ).",
      "detalii": "Meditatiile se desfasoara online sau la domiciliul meditatorului",
      "sponsorizat": false,
      "img": "assets/teachers/math6.jpg",
      "key": "matematica"
    },
    {
      "id": 7,
      "nume": "Bianca",
      "materie": "Matematica",
      "pret": "95RON",
      "descriere": " Invata usor si cu placere matematica! Cu multa rabdare si intelegere, voi ajuta copilul dumneavoastra sa inteleaga, sa indrageasca matematica din scoala primara si generala (clasele I - VIII ).",
      "detalii": "Meditatiile se desfasoara online sau la domiciliul meditatorului",
      "sponsorizat": false,
      "img": "assets/teachers/math7.jpg",
      "key": "matematica"
    },
    {
      "id": 8,
      "nume": "Alexandra",
      "materie": "Limba si literatura romana",
      "pret": "70RON",
      "descriere": " Desfășor această activitate de aproximativ trei ani de zile și mărturisesc faptul că mă recomandă atât rezultatele anterioare (sunt dispus să ofer și referințe, în cazul în care acestea sunt necesare), cât și pasiunea mea pentru literatura română.",
      "detalii": "Meditatiile se desfasoara online sau la domiciliul meditatorului",
      "sponsorizat": true,
      "img": "assets/teachers/rom1.jpg",
      "key": "romana"
    },
    {
      "id": 9,
      "nume": "Alex",
      "materie": "Limba si literatura romana",
      "pret": "75RON",
      "descriere": "  Ofer meditații la limba română (mai ales pregătire pentru Bacalaureat și Evaluare națională (a VIII-a și a XII-a).",
      "detalii": "Meditatiile se desfasoara la domiciliul meditatorului",
      "sponsorizat": false,
      "img": "assets/teachers/rom2.jpg",
      "key": "romana"
    },
    {
      "id": 10,
      "nume": "Violeta",
      "materie": "Limba si literatura romana",
      "pret": "70RON",
      "descriere": "  Studentă a Facultății de Litere din cadrul Universității București, ofer meditații pentru limba și literatura română claselor I-VIII.",
      "detalii": "Meditatiile se desfasoara la domiciliul meditatorului",
      "sponsorizat": false,
      "img": "assets/teachers/rom3.jpg",
      "key": "romana"
    },
    {
      "id": 11,
      "nume": "Alexandra",
      "materie": "Limba si literatura romana",
      "pret": "70RON",
      "descriere": " Ofer meditații la limba și literatura română începând de la ciclul primar până la cel liceal. În ceea ce privește trăsăturile mele de caracter sunt o fire comunicativă, răbdătoare cu tact pedagogic.",
      "detalii": "Meditatiile se desfasoara la domiciliul meditatorului sau online",
      "sponsorizat": false,
      "img": "assets/teachers/rom4.jpg",
      "key": "romana"
    },
    {
      "id": 12,
      "nume": "Andrei",
      "materie": "Limba si literatura romana",
      "pret": "70RON",
      "descriere": " Ofer meditatii la limba romana (fizic/online).",
      "detalii": "Meditatiile se desfasoara la domiciliul meditatorului sau online, iar durata unei sedinte este de 1 ora si jumatate",
      "sponsorizat": false,
      "img": "assets/teachers/rom5.jpg",
      "key": "romana"
    },
    {
      "id": 13,
      "nume": "Robert",
      "materie": "Limba engleza",
      "pret": "70RON",
      "descriere": " Ofer meditatii la limba engleza (fizic/online).",
      "detalii": "Meditatiile se desfasoara la domiciliul meditatorului sau online, iar durata unei sedinte este de 1 ora si jumatate",
      "sponsorizat": false,
      "img": "assets/teachers/english1.jpg",
      "key": "engleza"
    },
    {
      "id": 14,
      "nume": "Ana",
      "materie": "Limba engleza",
      "pret": "80RON",
      "descriere": "Dacă îți dorești să îl ajuți pe copilul tău să dezvăluie tainele limbii engleze sau să își aprofundeze cunoștințele deja dobândite, sunt aici ca să îl îndrum.",
      "detalii": "Meditatiile se desfasoara la domiciliul meditatorului sau online, iar durata unei sedinte este de 2h",
      "sponsorizat": false,
      "img": "assets/teachers/english2.jpg",
      "key": "engleza"
    },
    {
      "id": 15,
      "nume": "Laura",
      "materie": "Limba engleza",
      "pret": "60RON",
      "descriere": "I am a Certified English, French and Romanian teacher, with 25 years of teaching.",
      "detalii": "Meditatiile se desfasoara la domiciliul meditatorului sau online, iar durata unei sedinte este de 2h",
      "sponsorizat": false,
      "img": "assets/teachers/english3.jpg",
      "key": "engleza"
    },
    {
      "id": 16,
      "nume": "Carla",
      "materie": "Limba engleza",
      "pret": "70RON",
      "descriere": "Utilizând metode noi, captivante, de învățare, adaptate la nivelul elevului, rezultatele se vor vedea încă după primele ședințe.",
      "detalii": "Meditatiile se desfasoara la domiciliul meditatorului sau online, iar durata unei sedinte este de 2h",
      "sponsorizat": false,
      "img": "assets/teachers/english4.jpg",
      "key": "engleza"
    },
    {
      "id": 17,
      "nume": "Bogdan",
      "materie": "Limba engleza",
      "pret": "70RON",
      "descriere": "Va astept cu drag sa lucram impreuna, sunt o fire rabdatoare, perfectionista si va garantez rezultate imediate!",
      "detalii": "Meditatiile se desfasoara la domiciliul meditatorului, iar durata unei sedinte este de 2h",
      "sponsorizat": false,
      "img": "assets/teachers/english5.jpg",
      "key": "engleza"
    },
    {
      "id": 18,
      "nume": "Anne",
      "materie": "Limba franceza",
      "pret": "90RON",
      "descriere": "Va astept cu drag sa lucram impreuna, sunt o fire rabdatoare, perfectionista si va garantez rezultate imediate!",
      "detalii": "Meditatiile se desfasoara la domiciliul meditatorului, iar durata unei sedinte este de 2h",
      "sponsorizat": false,
      "img": "assets/teachers/french1.jpg",
      "key": "franceza"
    },
    {
      "id": 19,
      "nume": "Alessia",
      "materie": "Limba franceza",
      "pret": "80RON",
      "descriere": "Ofer meditatii la limba franceza, pentru orice nivel!",
      "detalii": "Meditatiile se desfasoara la domiciliul meditatorului sau online, iar durata unei sedinte este de 1h",
      "sponsorizat": false,
      "img": "assets/teachers/french2.jpg",
      "key": "franceza"
    },
    {
      "id": 20,
      "nume": "Paul",
      "materie": "Limba franceza",
      "pret": "75RON",
      "descriere": "Ofer meditatii la limba franceza pe intelesul oricui!",
      "detalii": "Meditatiile se desfasoara la domiciliul meditatorului sau online, iar durata unei sedinte este de 1h",
      "sponsorizat": false,
      "img": "assets/teachers/french3.jpg",
      "key": "franceza"
    },
    {
      "id": 21,
      "nume": "Rodica",
      "materie": "Limba franceza",
      "pret": "75RON",
      "descriere": "Profesor cu peste 15 ani de experienta, ofer meditatii la limba franceza pe intelesul tuturor!",
      "detalii": "Meditatiile se desfasoara la domiciliul meditatorului sau online, iar durata unei sedinte este de 2h",
      "sponsorizat": false,
      "img": "assets/teachers/french4.jpg",
      "key": "franceza"
    },
    {
      "id": 22,
      "nume": "Claudiu",
      "materie": "Limba franceza",
      "pret": "75RON",
      "descriere": "Prima sedinta este gratuita, sa evaluez cunostintele elevului, iar apoi garantez ca toate cunostintele necesare vor fi invatate!",
      "detalii": "Meditatiile se desfasoara la domiciliul meditatorului sau online, iar durata unei sedinte este de 1h si jumatate.",
      "sponsorizat": false,
      "img": "assets/teachers/french5.jpg",
      "key": "franceza"
    },
    {
      "id": 23,
      "nume": "Irene",
      "materie": "Biologie",
      "pret": "100RON",
      "descriere": "Ofer pregătire la Biologie Umană pentru admitere la UMF CAROL DAVILA sau la alte facultati cu profil medical.",
      "detalii": "Meditatiile se desfasoara la domiciliul meditatorului sau online, iar durata unei sedinte este de 1h si jumatate.",
      "sponsorizat": true,
      "img": "assets/teachers/biology1.jpg",
      "key": "biologie"
    },
    {
      "id": 24,
      "nume": "Lacramioara",
      "materie": "Biologie",
      "pret": "100RON",
      "descriere": "Studenta in cadrul FMF Oradea, ofer meditatii la biologie pentru admiterea la Facultatea de Medicina",
      "detalii": "Meditatiile se desfasoara la domiciliul meditatorului, iar durata unei sedinte este de 1h si jumatate.",
      "sponsorizat": false,
      "img": "assets/teachers/biology2.jpg",
      "key": "biologie"
    },
    {
      "id": 25,
      "nume": "Bianca",
      "materie": "Biologie",
      "pret": "120RON",
      "descriere": "Sefa promotie program studii UMF, ofer meditatii de specialitate la biologie, biochimie, chimie, imunologie, genetica, hematologie, neurostiinte si oricare alta materie de profil.",
      "detalii": "Meditatiile se desfasoara la domiciliul meditatorului, iar durata unei sedinte este de 1h.",
      "sponsorizat": false,
      "img": "assets/teachers/biology3.jpg",
      "key": "biologie"
    },
    {
      "id": 26,
      "nume": "Cristian",
      "materie": "Biologie",
      "pret": "80RON",
      "descriere": "Student in anul V in cadrul UMF Iasi, specializarea Medicina Generala ofer meditatii la biologie pentru pregatirea examenului de admitere la UMF.",
      "detalii": "Meditatiile se desfasoara la domiciliul meditatorului, iar durata unei sedinte este de 1h.",
      "sponsorizat": false,
      "img": "assets/teachers/biology4.jpg",
      "key": "biologie"
    },
    {
      "id": 27,
      "nume": "Matei",
      "materie": "Biologie",
      "pret": "70RON",
      "descriere": "Student in anul IV in cadrul UMF Bacau, specializarea Medicina Generala ofer meditatii la biologie pentru pregatirea examenului de admitere la UMF.",
      "detalii": "Meditatiile se desfasoara la domiciliul meditatorului, iar durata unei sedinte este de 1h.",
      "sponsorizat": false,
      "img": "assets/teachers/biology5.jpg",
      "key": "biologie"
    },
    {
      "id": 28,
      "nume": "Ionut",
      "materie": "Chimie",
      "pret": "70RON",
      "descriere": "Ofer meditatii la chimie pentru clasele VII,VIII,pentru liceu și admitere umf.",
      "detalii": "Meditatiile se desfasoara la domiciliul meditatorului sau online, iar durata unei sedinte este de 2h.",
      "sponsorizat": false,
      "img": "assets/teachers/chemistry1.jpg",
      "key": "chimie"
    },
    {
      "id": 29,
      "nume": "Lucian",
      "materie": "Chimie",
      "pret": "70RON",
      "descriere": "Ofer pregătire la disciplina chimie organică, mai exact ofer meditații pentru elevii claselor a 10a si a 11a, dar și pentru elevii ce se pregătesc de susținerea bacalaureatului la chimie organică.",
      "detalii": "Meditatiile se desfasoara la domiciliul meditatorului sau online, iar durata unei sedinte este de 2h.",
      "sponsorizat": false,
      "img": "assets/teachers/chemistry2.jpg",
      "key": "chimie"
    },
    {
      "id": 30,
      "nume": "Andreea",
      "materie": "Chimie",
      "pret": "75RON",
      "descriere": "Ofer pregătire la disciplina chimie organică, pentru elevii care se pregătesc de susținerea bacalaureatului la chimie organică.",
      "detalii": "Meditatiile se desfasoara la domiciliul meditatorului sau online, iar durata unei sedinte este de 1h.",
      "sponsorizat": false,
      "img": "assets/teachers/chemistry3.jpg",
      "key": "chimie"
    },
    {
      "id": 31,
      "nume": "Ionela",
      "materie": "Chimie",
      "pret": "65RON",
      "descriere": "Ofer pregătire la disciplina chimie anorganică, pentru elevii care se pregătesc de susținerea bacalaureatului la chimie anorganică.",
      "detalii": "Meditatiile se desfasoara la domiciliul meditatorului sau online, iar durata unei sedinte este de 1h.",
      "sponsorizat": false,
      "img": "assets/teachers/chemistry4.jpg",
      "key": "chimie"
    },
    {
      "id": 31,
      "nume": "Carmen",
      "materie": "Chimie",
      "pret": "95RON",
      "descriere": "Ofer pregătire la disciplina chimie organică si anorganica, pentru elevii care se pregătesc de susținerea bacalaureatului la aceasta materie.",
      "detalii": "Meditatiile se desfasoara la domiciliul meditatorului sau online, iar durata unei sedinte este de 2h.",
      "sponsorizat": false,
      "img": "assets/teachers/chemistry5.jpg",
      "key": "chimie"
    },
    {
      "id": 32,
      "nume": "Alina",
      "materie": "Chimie",
      "pret": "95RON",
      "descriere": "Studenta in cadrul UMF, ofer pregătire la disciplina chimie organică si anorganica.",
      "detalii": "Meditatiile se desfasoara la domiciliul meditatorului sau online, iar durata unei sedinte este de 2h.",
      "sponsorizat": false,
      "img": "assets/teachers/chemistry6.jpg",
      "key": "chimie"
    },
    {
      "id": 33,
      "nume": "Anastasia",
      "materie": "Fizica",
      "pret": "75RON",
      "descriere": "Pregătire pentru bacalaureat, profil real, dar și meditații pe parcursul anului școlar.",
      "detalii": "Meditatiile se desfasoara la domiciliul meditatorului sau online, iar durata unei sedinte este de 2h.",
      "sponsorizat": false,
      "img": "assets/teachers/physics1.jpg",
      "key": "fizica"
    },
    {
      "id": 34,
      "nume": "Alexandru",
      "materie": "Fizica",
      "pret": "65RON",
      "descriere": "Profesor peste 25 ani experienta in meditatii. Pregatire numai individuala cu scopul de a atinge 100% obiectivele propuse.",
      "detalii": "Meditatiile se desfasoara la domiciliul meditatorului, iar durata unei sedinte este de 2h.",
      "sponsorizat": false,
      "img": "assets/teachers/physics2.jpg",
      "key": "fizica"
    },
    {
      "id": 35,
      "nume": "Alina",
      "materie": "Fizica",
      "pret": "95RON",
      "descriere": "Profesor peste 15 ani experienta in meditatii. Imi doresc sa ofer ajutor eleviilor pentru a-si dezvolta gandirea si rationamentul.",
      "detalii": "Meditatiile se desfasoara la domiciliul meditatorului, iar durata unei sedinte este de 2h.",
      "sponsorizat": false,
      "img": "assets/teachers/physics3.jpg",
      "key": "fizica"
    },
    {
      "id": 36,
      "nume": "Florin",
      "materie": "Fizica",
      "pret": "65RON",
      "descriere": "Student cu rezultate notabile la fizică de-a lungul claselor 6-12, ofer meditații la fizică. ",
      "detalii": "Meditatiile se desfasoara la domiciliul meditatorului, iar durata unei sedinte este de 2h.",
      "sponsorizat": false,
      "img": "assets/teachers/physics4.jpg",
      "key": "fizica"
    },
    {
      "id": 37,
      "nume": "Bogdan",
      "materie": "Fizica",
      "pret": "70RON",
      "descriere": "Fost olimpic la fizica, pregatesc individual la fizica elevi de orice nivel, de la scoala generala, la pregatire pentru BAC.",
      "detalii": "Meditatiile se desfasoara la domiciliul meditatorului, iar durata unei sedinte este de 2h.",
      "sponsorizat": false,
      "img": "assets/teachers/physics5.jpg",
      "key": "fizica"
    },
    {
      "id": 38,
      "nume": "Costin",
      "materie": "Informatica",
      "pret": "150RON",
      "descriere": "Sunt student în anul III al Facultății de Matematică și Informatică din București, domeniul Informatică, admis ca olimpic, și pot să te ajut să înțelegi concepte de algoritmică.",
      "detalii": "Meditatiile se desfasoara la domiciliul meditatorului, iar durata unei sedinte este de 2h.",
      "sponsorizat": true,
      "img": "assets/teachers/IT1.jpg",
      "key": "informatica"
    },
    {
      "id": 39,
      "nume": "Victor",
      "materie": "Informatica",
      "pret": "150RON",
      "descriere": "Absolvent a Facultatii de Automatica si Calculatore, inginer cu o eperienta in domeniu de 2 ani. Ofer meditatii la Informatica. Va pot ajuta cu bazele programarii pana la un nivel mediu spre avansat.",
      "detalii": "Meditatiile se desfasoara la domiciliul meditatorului sau online, iar durata unei sedinte este de 2h.",
      "sponsorizat": false,
      "img": "assets/teachers/IT2.jpg",
      "key": "informatica"
    },
    {
      "id": 40,
      "nume": "Teodor",
      "materie": "Informatica",
      "pret": "200RON",
      "descriere": "Ofer pregătire la informatică elevilor din ciclul gimnazial, cât și liceal.",
      "detalii": "Meditatiile se desfasoara la domiciliul meditatorului sau online, iar durata unei sedinte este de 2h.",
      "sponsorizat": false,
      "img": "assets/teachers/IT3.jpg",
      "key": "informatica"
    },
    {
      "id": 41,
      "nume": "Ramona",
      "materie": "Informatica",
      "pret": "100RON",
      "descriere": "Predau programare in limbajele C si C++ pentru toate nivelele scolare. Sunt rabdator si ofer explicatii pe intelesul celor care vor sa invete.",
      "detalii": "Meditatiile se desfasoara la domiciliul meditatorului sau online, iar durata unei sedinte este de 2h.",
      "sponsorizat": false,
      "img": "assets/teachers/IT4.jpg",
      "key": "informatica"
    },
    {
      "id": 42,
      "nume": "Anemona",
      "materie": "Informatica",
      "pret": "140RON",
      "descriere": "Sunt studentă la Academia de Studii Economice din Bucuresti. Vă pot ajuta cu meditații la Informatică pentru proba de Bacalaureat, dar și pentru clasele 9-12 și școala generală.",
      "detalii": "Meditatiile se desfasoara la domiciliul meditatorului sau online, iar durata unei sedinte este de 2h.",
      "sponsorizat": false,
      "img": "assets/teachers/IT5.jpg",
      "key": "informatica"
    },
    {
      "id": 43,
      "nume": "Bogdan",
      "materie": "Geografie",
      "pret": "50RON",
      "descriere": "Olimpic național în liceu, ofer pregătire la georgafie la nivel de performanță sau admitere/bacalaureat.",
      "detalii": "Meditatiile se desfasoara la domiciliul meditatorului sau online, iar durata unei sedinte este de 2h.",
      "sponsorizat": false,
      "img": "assets/teachers/geography1.jpg",
      "key": "geografie"
    },
    {
      "id": 44,
      "nume": "Alina",
      "materie": "Geografie",
      "pret": "60RON",
      "descriere": "Ofer meditatii la georgafie pentru orice nivel de cunostinte necesare.",
      "detalii": "Meditatiile se desfasoara la domiciliul meditatorului sau online, iar durata unei sedinte este de 1h.",
      "sponsorizat": false,
      "img": "assets/teachers/geography2.jpg",
      "key": "geografie"
    },
    {
      "id": 45,
      "nume": "Catalin",
      "materie": "Geografie",
      "pret": "65RON",
      "descriere": "Ofer meditatii la georgafie, pentru admiterea la facultate sau bacalaureat.",
      "detalii": "Meditatiile se desfasoara la domiciliul meditatorului sau online, iar durata unei sedinte este de 1h.",
      "sponsorizat": false,
      "img": "assets/teachers/geography3.jpg",
      "key": "geografie"
    },
    {
      "id": 46,
      "nume": "Valentina",
      "materie": "Geografie",
      "pret": "75RON",
      "descriere": "Ofer meditatii la georgafie, pentru admiterea la facultate sau bacalaureat.",
      "detalii": "Meditatiile se desfasoara la domiciliul meditatorului sau online, iar durata unei sedinte este de 1h.",
      "sponsorizat": false,
      "img": "assets/teachers/geography4.jpg",
      "key": "geografie"
    },
    {
      "id": 47,
      "nume": "Vlad",
      "materie": "Geografie",
      "pret": "80RON",
      "descriere": "Ofer meditatii la georgafie, fiind fost olimpic la georgrafie.",
      "detalii": "Meditatiile se desfasoara la domiciliul meditatorului sau online, iar durata unei sedinte este de 1h.",
      "sponsorizat": false,
      "img": "assets/teachers/geography5.jpg",
      "key": "geografie"
    },
    {
      "id": 48,
      "nume": "Andrei",
      "materie": "Istorie",
      "pret": "65RON",
      "descriere": "Ofer meditații individuale la ISTORIE, PSIHOLOGIE si SOCIOLOGIE pentru Bacalaureat și admitere la facultate.",
      "detalii": "Meditatiile se desfasoara la domiciliul meditatorului, iar durata unei sedinte este de 2h.",
      "sponsorizat": false,
      "img": "assets/teachers/history1.jpg",
      "key": "istorie"
    },
    {
      "id": 49,
      "nume": "Denisa",
      "materie": "Istorie",
      "pret": "75RON",
      "descriere": "Profesor, absolventă a examenului de Bacalaureat cu media 10, absolventă a Universității din București, ofer pregătire pentru examenul de BACALAUREAT.",
      "detalii": "Meditatiile se desfasoara la domiciliul meditatorului sau online, iar durata unei sedinte este de 2h si jumatate.",
      "sponsorizat": false,
      "img": "assets/teachers/history2.jpg",
      "key": "istorie"
    },
    {
      "id": 50,
      "nume": "Adina",
      "materie": "Istorie",
      "pret": "70RON",
      "descriere": "Absolvent al Facultății de Istorie în cadrul Universității din București și licențiat cu 10, ofer pregătire atât pentru susținerea examenului de Bacalaureat, cât și pentru admiterea la Academia de Politie.",
      "detalii": "Meditatiile se desfasoara la domiciliul meditatorului sau online, iar durata unei sedinte este de 2h.",
      "sponsorizat": false,
      "img": "assets/teachers/history3.jpg",
      "key": "istorie"
    },
    {
      "id": 51,
      "nume": "Maria",
      "materie": "Istorie",
      "pret": "65RON",
      "descriere": "Pregătesc cu drag elevi de școala generală cât și de liceu, la materii precum Istorie, Geografie, Limba și Literatura Română.",
      "detalii": "Meditatiile se desfasoara la domiciliul meditatorului sau online, iar durata unei sedinte este de 1h.",
      "sponsorizat": false,
      "img": "assets/teachers/history4.jpg",
      "key": "istorie"
    },
    {
      "id": 52,
      "nume": "Catalin",
      "materie": "Istorie",
      "pret": "65RON",
      "descriere": "Profesor cu experienta, meditez istorie si geografie pentru pregatire suplimentara, orice nivel de studiu.",
      "detalii": "Meditatiile se desfasoara la domiciliul meditatorului sau online, iar durata unei sedinte este de 2h.",
      "sponsorizat": false,
      "img": "assets/teachers/history5.jpg",
      "key": "istorie"
    }
  ],
  "materii": [
    {
      "titlu": "Matematica",
      "url": "assets/images/Matematica4.jpg",
      "key_materie": "matematica"
    },
    {
      "titlu": "Limba si Literatura Romana",
      "url": "assets/images/rem.png",
      "key_materie": "romana"
    },
    {
      "titlu": "Limba Engleza",
      "url": "assets/images/England.jpg",
      "key_materie": "engleza"
    },
    {
      "titlu": "Limba Franceza",
      "url": "assets/images/fran.png",
      "key_materie": "franceza"
    },
    {
      "titlu": "Informatica",
      "url": "assets/images/infoo.png",
      "key_materie": "informatica"
    },
    {
      "titlu": "Chimie",
      "url": "assets/images/ch.png",
      "key_materie": "chimie"
    },
    {
      "titlu": "Biologie",
      "url": "assets/images/bio.png",
      "key_materie": "biologie"
    },
    {
      "titlu": "Georgafie",
      "url": "assets/images/geo.png",
      "key_materie": "geografie"
    },
    {
      "titlu": "Istorie",
      "url": "assets/images/ist.png",
      "key_materie": "istorie"
    },
    {
      "titlu": "Fizica",
      "url": "assets/images/fiz.png",
      "key_materie": "fizica"
    }
  ],
  "utilizatori": [
    {
      "id": 1,
      "nume_utilizator": "Amir Hameed",
      "email": "amir.hameed@yahoo.com",
      "parola": "amirhameed"
    },
    {
      "id": 2,
      "nume_utilizator": "Georgiana Barbu",
      "email": "georgiana.barbu@yahoo.com",
      "parola": "georgianabarbu"
    },
    {
      "id": 3,
      "nume_utilizator": "Ana Petrescu",
      "email": "ana.petrescu@yahoo.com",
      "parola": "anapetrescu"
    },
    {
      "id": 4,
      "nume_utilizator": "Andrei Matei",
      "email": "andrei.matei@yahoo.com",
      "parola": "andreimatei"
    },
    {
      "id": 5,
      "nume_utilizator": "Alexandru George",
      "email": "alexandru.george@yahoo.com",
      "parola": "alexandru.george"
    },
    {
      "nume_utilizator": "geo",
      "email": "geo@u",
      "parola": "aaaaaa",
      "id": 59
    },
    {
      "nume_utilizator": "",
      "email": "",
      "parola": "",
      "id": 58
    },
    {
      "nume_utilizator": "",
      "email": "",
      "parola": "",
      "id": 24
    },
    {
      "nume_utilizator": "",
      "email": "",
      "parola": "",
      "id": 47
    },
    {
      "nume_utilizator": "",
      "email": "",
      "parola": "",
      "id": 51
    },
    {
      "nume_utilizator": "",
      "email": "",
      "parola": "",
      "id": 67
    },
    {
      "nume_utilizator": "",
      "email": "",
      "parola": "",
      "id": 16
    },
    {
      "nume_utilizator": "",
      "email": "",
      "parola": "",
      "id": 26
    },
    {
      "nume_utilizator": "",
      "email": "",
      "parola": "",
      "id": 98
    },
    {
      "nume_utilizator": "ana",
      "email": "ana@ana",
      "parola": "anaana",
      "id": 8
    },
    {
      "nume_utilizator": "anamaria",
      "email": "ana@anamaria",
      "parola": "anamaria",
      "id": 55
    },
    {
      "nume_utilizator": "andreea",
      "email": "andreea@a",
      "parola": "andreeaa",
      "id": 53
    },
    {
      "nume_utilizator": "georgi",
      "email": "georgi@georgi",
      "parola": "georgiana",
      "id": 22
    },
    {
      "nume_utilizator": "alexandra",
      "email": "alexandra@ale",
      "parola": "alexandra",
      "id": "2941637602530207"
    }
  ]
}